Comm_Method,Send_Method,32,64,128,256,512
Peer2Peer,Sync,0.1788529475,0.35382357249999985,1.4562607500000002,11.249712775000004,94.06093649999998
Peer2Peer,Streams,0.9896427974999998,1.5145978525,1.9316505999999993,11.577619975,90.02903250000001
Peer2Peer,MPI_Type,0.18631324250000003,0.33493058749999993,1.4676375000000002,11.460976499999994,95.46114649999998
All2All,Sync,0.18927664500000002,0.34543469000000016,1.5138517749999993,12.00569225,97.78205199999996
All2All,MPI_Type,0.16671502750000003,0.35282012499999993,1.7210312,12.498070499999999,101.76706974999999
